<?xml version="1.0" encoding="UTF-8"?>
<TrackingData>
  <Sensors>
    <Sensor Subtype="FAST" Type="FeatureBasedSensorSource">
      <SensorID>FeatureBasedSensorSource_0</SensorID>
      <Parameters/>
      <SensorCOS>
        <SensorCosID>1a6995f1c7a55ea54e21eb1eaed1e30a</SensorCosID>
        <Parameters>
          <SimilarityThreshold>0.7</SimilarityThreshold>
          <!--	Small scale version of the original image. Note that 
							some image information was extracted and is stored 
							separately in the file specified in below <Map> tag. -->
          <ReferenceImage HeightMM="730" WidthMM="819">1a6995f1c7a55ea54e21eb1eaed1e30a.pgm</ReferenceImage>
          <!--	Reference to a map file that contains precomputed 
							features for the target to be tracked. This ensures 
							smaller TrackingData size and faster SDK 
							initialization. -->
          <Map>1a6995f1c7a55ea54e21eb1eaed1e30a.f2b</Map>
        </Parameters>
      </SensorCOS>
    </Sensor>
  </Sensors>
  <Connections>
    <COS>
      <Name>COS_1</Name>
      <Fuser Type="SmoothingFuser">
        <Parameters>
          <AlphaRotation>0.5</AlphaRotation>
          <AlphaTranslation>0.8</AlphaTranslation>
          <GammaRotation>0.5</GammaRotation>
          <GammaTranslation>0.8</GammaTranslation>
          <KeepPoseForNumberOfFrames>0</KeepPoseForNumberOfFrames>
        </Parameters>
      </Fuser>
      <SensorSource Trigger="1">
        <SensorID>FeatureBasedSensorSource_0</SensorID>
        <SensorCosID>1a6995f1c7a55ea54e21eb1eaed1e30a</SensorCosID>
        <HandEyeCalibration>
          <TranslationOffset>
            <X>0</X>
            <Y>0</Y>
            <Z>0</Z>
          </TranslationOffset>
          <RotationOffset>
            <X>0</X>
            <Y>0</Y>
            <Z>0</Z>
            <W>1</W>
          </RotationOffset>
        </HandEyeCalibration>
        <COSOffset>
          <TranslationOffset>
            <X>0</X>
            <Y>0</Y>
            <Z>0</Z>
          </TranslationOffset>
          <RotationOffset>
            <X>0</X>
            <Y>0</Y>
            <Z>0</Z>
            <W>1</W>
          </RotationOffset>
        </COSOffset>
      </SensorSource>
    </COS>
  </Connections>
</TrackingData>
